"id","created_at","name","has_test","alternate_url"
"115064292","2025-01-06T14:45:26+0300","Junior Data Scientist",false,"https://hh.ru/vacancy/115064292"
"115060764","2025-01-06T11:54:32+0300","Data Scientist",false,"https://hh.ru/vacancy/115060764"
"113155326","2025-01-08T16:31:54+0300","Junior Data scientist",false,"https://hh.ru/vacancy/113155326"
"112388836","2024-12-03T09:26:53+0300","Junior Data Scientist (Стажер)",false,"https://hh.ru/vacancy/112388836"
"114163817","2025-01-06T09:35:20+0300","Data scientist (Junior) в консалтинг",false,"https://hh.ru/vacancy/114163817"
"115058483","2025-01-06T10:26:43+0300","Data Scientist Дирекции моделирования кредитных рисков",false,"https://hh.ru/vacancy/115058483"
"112325803","2024-12-02T12:37:00+0300","Data Scientist / ML-инженер (Big Data) в Зеленограде",false,"https://hh.ru/vacancy/112325803"
"112331201","2025-01-01T13:19:14+0300","Data scientist",false,"https://hh.ru/vacancy/112331201"
"112763125","2024-12-09T13:02:19+0300","Младший специалист по анализу данных / Junior Data Scientist",false,"https://hh.ru/vacancy/112763125"
"105927931","2024-12-23T09:22:00+0300","Data scientists",false,"https://hh.ru/vacancy/105927931"
"110208014","2024-12-06T10:31:52+0300","Data Analyst / Data Scientist (Junior/Junior+)",false,"https://hh.ru/vacancy/110208014"
"113004833","2024-12-11T13:20:00+0300","Стажер Data scientist (LLM в корпоративном кредитовании)",false,"https://hh.ru/vacancy/113004833"
"112070405","2024-12-18T11:55:42+0300","Junior AI Engineer",false,"https://hh.ru/vacancy/112070405"
"111570608","2024-12-22T11:08:03+0300","Junior Data Scientist",false,"https://hh.ru/vacancy/111570608"
"112307732","2024-12-02T10:13:04+0300","Data Scientist",false,"https://hh.ru/vacancy/112307732"
"112251192","2024-12-01T07:53:03+0300","Data Scientist/ML Engineer",false,"https://hh.ru/vacancy/112251192"
"111528693","2024-12-04T20:11:33+0300","Data Scientist/Analyst",false,"https://hh.ru/vacancy/111528693"
"110283263","2024-11-29T12:27:07+0300","Data Scientist",false,"https://hh.ru/vacancy/110283263"
"113007582","2024-12-11T13:39:20+0300","Data Scientist",false,"https://hh.ru/vacancy/113007582"
"113290711","2024-12-13T13:16:00+0300","Data Scientist (проект GigaChat)",false,"https://hh.ru/vacancy/113290711"
